-- ============================================================================
-- Codex Market Analysis Platform — Schema v3
-- Drops the legacy scraper schema and creates the analytical schema seeded
-- with the canonical Claude-provided dataset (source of truth:
-- backend/app/seed_data.py — DO NOT edit this file by hand).
-- ============================================================================

-- Drop legacy tables (user: "drop old data, start new")
DROP TABLE IF EXISTS scrape_logs CASCADE;
DROP TABLE IF EXISTS issues CASCADE;
DROP TABLE IF EXISTS categories CASCADE;
DROP TABLE IF EXISTS sources CASCADE;

-- Drop new-schema tables if re-running
DROP TABLE IF EXISTS issue_timeseries CASCADE;
DROP TABLE IF EXISTS competitive_data CASCADE;
DROP TABLE IF EXISTS segment_impact CASCADE;
DROP TABLE IF EXISTS issues CASCADE;
DROP TABLE IF EXISTS root_causes CASCADE;
DROP TABLE IF EXISTS user_segments CASCADE;
DROP TABLE IF EXISTS issue_categories CASCADE;

-- ---------------------------------------------------------------------------
-- Core tables
-- ---------------------------------------------------------------------------

CREATE TABLE issue_categories (
  id TEXT PRIMARY KEY,
  name TEXT NOT NULL,
  slug TEXT NOT NULL UNIQUE,
  color TEXT NOT NULL DEFAULT '#6b7280',
  share_pct NUMERIC(5,2) NOT NULL DEFAULT 0,
  created_at TIMESTAMPTZ NOT NULL DEFAULT NOW()
);

CREATE TABLE user_segments (
  id TEXT PRIMARY KEY,
  name TEXT NOT NULL,
  slug TEXT NOT NULL UNIQUE,
  description TEXT,
  developer_count_range TEXT,
  crisis_severity_percentage NUMERIC(5,2) NOT NULL,
  cost_impact_percentage NUMERIC(5,2) NOT NULL,
  recovery_speed_percentage NUMERIC(5,2) NOT NULL,
  created_at TIMESTAMPTZ NOT NULL DEFAULT NOW()
);

CREATE TABLE root_causes (
  id TEXT PRIMARY KEY,
  product TEXT NOT NULL DEFAULT 'codex',
  title TEXT NOT NULL,
  description TEXT,
  component TEXT,
  error_type TEXT,
  severity TEXT NOT NULL CHECK (severity IN ('critical','high','medium','low')),
  first_detected DATE,
  identified_date DATE,
  fixed_date DATE,
  fixed_in_version TEXT,
  estimated_users_impacted_percentage NUMERIC(5,2) NOT NULL DEFAULT 0,
  created_at TIMESTAMPTZ NOT NULL DEFAULT NOW()
);

CREATE TABLE competitive_data (
  id TEXT PRIMARY KEY,
  product TEXT NOT NULL UNIQUE,
  display_name TEXT NOT NULL,
  code_quality_score NUMERIC(5,2) NOT NULL,
  efficiency_score NUMERIC(5,2) NOT NULL,
  cost_per_task_usd NUMERIC(8,2) NOT NULL,
  context_window_tokens INTEGER NOT NULL,
  agent_autonomy_score NUMERIC(5,2) NOT NULL,
  market_sentiment NUMERIC(4,3) NOT NULL,
  adoption_rate NUMERIC(5,2) NOT NULL,
  enterprise_readiness_score NUMERIC(5,2) NOT NULL,
  summary TEXT,
  created_at TIMESTAMPTZ NOT NULL DEFAULT NOW()
);

CREATE TABLE issues (
  id TEXT PRIMARY KEY,
  source TEXT NOT NULL,
  source_id TEXT UNIQUE NOT NULL,
  product TEXT NOT NULL DEFAULT 'codex',
  title TEXT NOT NULL,
  description TEXT,
  url TEXT,
  category_id TEXT REFERENCES issue_categories(id) ON DELETE SET NULL,
  severity TEXT NOT NULL CHECK (severity IN ('critical','high','medium','low')),
  sentiment_score NUMERIC(4,3) NOT NULL,
  engagement_score NUMERIC(6,2) NOT NULL DEFAULT 0,
  mention_count INTEGER NOT NULL DEFAULT 1,
  affected_segments TEXT[] NOT NULL DEFAULT ARRAY[]::text[],
  root_cause_id TEXT REFERENCES root_causes(id) ON DELETE SET NULL,
  duplicate_of_id TEXT REFERENCES issues(id) ON DELETE SET NULL,
  created_at TIMESTAMPTZ NOT NULL,
  updated_at TIMESTAMPTZ NOT NULL DEFAULT NOW()
);

CREATE INDEX idx_issues_category ON issues(category_id);
CREATE INDEX idx_issues_root_cause ON issues(root_cause_id);
CREATE INDEX idx_issues_severity ON issues(severity);
CREATE INDEX idx_issues_sentiment ON issues(sentiment_score);
CREATE INDEX idx_issues_created_at ON issues(created_at DESC);
CREATE INDEX idx_issues_affected_segments ON issues USING GIN (affected_segments);

CREATE TABLE issue_timeseries (
  month DATE PRIMARY KEY,
  sentiment NUMERIC(5,2) NOT NULL,
  issue_freq INTEGER NOT NULL,
  status TEXT NOT NULL CHECK (status IN ('baseline','emerging','crisis','peak_crisis','recovery','recovered')),
  note TEXT,
  created_at TIMESTAMPTZ NOT NULL DEFAULT NOW()
);

CREATE INDEX idx_timeseries_status ON issue_timeseries(status);

CREATE TABLE segment_impact (
  id SERIAL PRIMARY KEY,
  issue_id TEXT NOT NULL REFERENCES issues(id) ON DELETE CASCADE,
  segment_slug TEXT NOT NULL REFERENCES user_segments(slug) ON DELETE CASCADE,
  UNIQUE(issue_id, segment_slug)
);
CREATE INDEX idx_segment_impact_segment ON segment_impact(segment_slug);

-- ---------------------------------------------------------------------------
-- Row-level security (mirrors scripts/002)
-- ---------------------------------------------------------------------------
ALTER TABLE issue_categories ENABLE ROW LEVEL SECURITY;
ALTER TABLE user_segments ENABLE ROW LEVEL SECURITY;
ALTER TABLE root_causes ENABLE ROW LEVEL SECURITY;
ALTER TABLE competitive_data ENABLE ROW LEVEL SECURITY;
ALTER TABLE issues ENABLE ROW LEVEL SECURITY;
ALTER TABLE issue_timeseries ENABLE ROW LEVEL SECURITY;
ALTER TABLE segment_impact ENABLE ROW LEVEL SECURITY;

CREATE POLICY public_read_categories ON issue_categories FOR SELECT TO anon, authenticated USING (true);
CREATE POLICY public_read_segments ON user_segments FOR SELECT TO anon, authenticated USING (true);
CREATE POLICY public_read_root_causes ON root_causes FOR SELECT TO anon, authenticated USING (true);
CREATE POLICY public_read_competitive ON competitive_data FOR SELECT TO anon, authenticated USING (true);
CREATE POLICY public_read_issues ON issues FOR SELECT TO anon, authenticated USING (true);
CREATE POLICY public_read_timeseries ON issue_timeseries FOR SELECT TO anon, authenticated USING (true);
CREATE POLICY public_read_segment_impact ON segment_impact FOR SELECT TO anon, authenticated USING (true);

CREATE POLICY service_write_categories ON issue_categories FOR ALL TO service_role USING (true) WITH CHECK (true);
CREATE POLICY service_write_segments ON user_segments FOR ALL TO service_role USING (true) WITH CHECK (true);
CREATE POLICY service_write_root_causes ON root_causes FOR ALL TO service_role USING (true) WITH CHECK (true);
CREATE POLICY service_write_competitive ON competitive_data FOR ALL TO service_role USING (true) WITH CHECK (true);
CREATE POLICY service_write_issues ON issues FOR ALL TO service_role USING (true) WITH CHECK (true);
CREATE POLICY service_write_timeseries ON issue_timeseries FOR ALL TO service_role USING (true) WITH CHECK (true);
CREATE POLICY service_write_segment_impact ON segment_impact FOR ALL TO service_role USING (true) WITH CHECK (true);

-- ---------------------------------------------------------------------------
-- Seed data
-- ---------------------------------------------------------------------------
INSERT INTO issue_categories (id, name, slug, color, share_pct) VALUES
  ('cat-code-review', 'Code Review Incomplete', 'code-review-incomplete', '#ef4444', 22.0),
  ('cat-session-memory', 'Session / Memory Management', 'session-memory', '#f97316', 19.0),
  ('cat-token-counting', 'Token Counting Issues', 'token-counting', '#f59e0b', 16.0),
  ('cat-context-overflow', 'Context Overflow', 'context-overflow', '#eab308', 15.0),
  ('cat-performance', 'Performance / Latency', 'performance-latency', '#3b82f6', 11.0),
  ('cat-api-integration', 'API / Integration', 'api-integration', '#8b5cf6', 10.0),
  ('cat-other', 'Other', 'other', '#6b7280', 7.0);

INSERT INTO user_segments (id, name, slug, description, developer_count_range, crisis_severity_percentage, cost_impact_percentage, recovery_speed_percentage) VALUES
  ('seg-enterprise', 'Enterprise', 'enterprise', 'Organizations with 1000+ developers using Codex at scale.', '1000+', 78.0, 92.0, 25.0),
  ('seg-professional', 'Professional Teams', 'professional', 'Mid-market engineering orgs (50–999 developers).', '50-999', 65.0, 78.0, 45.0),
  ('seg-smb', 'SMB', 'smb', 'Small businesses and startups (5–49 developers).', '5-49', 42.0, 55.0, 60.0),
  ('seg-ai-ml', 'AI / ML Teams', 'ai-ml', 'Research and ML engineering teams across org sizes.', 'varied', 55.0, 68.0, 50.0),
  ('seg-indie', 'Indie Developers', 'indie', 'Solo developers, freelancers, and hobbyists.', '1-4', 15.0, 22.0, 85.0);

INSERT INTO root_causes (id, product, title, description, component, error_type, severity, first_detected, identified_date, fixed_date, fixed_in_version, estimated_users_impacted_percentage) VALUES
  ('rc-compact-rs', 'codex', 'Recursive context compaction in compact.rs', 'compact.rs re-entered compaction during summary generation, producing an O(n^2) explosion that blew past context limits and silently dropped work.', 'codex-rs/core/src/codex/compact.rs', 'recursive_context_compaction', 'critical', '2025-09-12'::date, '2025-10-19'::date, '2025-11-04'::date, 'v0.56', 12.0),
  ('rc-memory-alloc', 'codex', 'Memory allocation failure under load', 'Worker pool exhausted heap when more than ~40 concurrent agents held large contexts; OOM killed in-flight completions without surfacing errors.', 'codex-rs/core/src/runtime/pool.rs', 'oom_silent_fail', 'critical', '2025-08-24'::date, '2025-10-02'::date, '2025-12-11'::date, 'v0.58', 8.0),
  ('rc-token-count', 'codex', 'Token counting inconsistency across tokenizers', 'Pricing meter used a different tokenizer than the model runtime, so users were billed for phantom tokens and hit quota early.', 'codex-rs/core/src/billing/meter.rs', 'tokenizer_mismatch', 'high', '2025-07-30'::date, '2025-09-18'::date, '2025-11-22'::date, 'v0.57', 5.0),
  ('rc-code-review-truncate', 'codex', 'Code review incomplete on large diffs', 'Reviewer dropped hunks silently past ~2k LOC because the prompt builder trimmed without notice.', 'codex-rs/core/src/reviewer/prompt.rs', 'silent_prompt_trim', 'high', '2025-06-18'::date, '2025-10-11'::date, '2026-01-20'::date, 'v0.61', 9.0),
  ('rc-session-reconnect', 'codex', 'Session state corruption on reconnect', 'Reconnecting clients lost message history order; downstream tool calls replayed out of sequence.', 'codex-rs/core/src/session/sync.rs', 'state_reorder', 'high', '2025-07-05'::date, '2025-10-28'::date, '2025-12-02'::date, 'v0.57', 7.0),
  ('rc-context-overflow', 'codex', 'Context overflow silent truncation', 'When the prompt crossed the model window, the tail was dropped before the instruction footer, leaving agents acting on stale instructions.', 'codex-rs/core/src/prompt/assemble.rs', 'tail_truncation', 'medium', '2025-08-02'::date, '2025-10-05'::date, '2025-12-18'::date, 'v0.58', 6.0),
  ('rc-rate-limit-parse', 'codex', 'Rate limit header parsing regression', 'Retry logic misread the X-RateLimit-Reset header as seconds instead of Unix timestamp, causing aggressive retries during throttling.', 'codex-rs/core/src/http/backoff.rs', 'header_parse', 'medium', '2025-09-01'::date, '2025-10-22'::date, '2025-11-14'::date, 'v0.56', 4.0),
  ('rc-ide-timeout', 'codex', 'IDE plugin timeout under latency spikes', 'VS Code extension hard-coded a 30s timeout that fired during slow model responses, aborting legitimate completions.', 'ide/vscode/src/client/transport.ts', 'client_timeout', 'medium', '2025-10-10'::date, '2025-11-01'::date, '2025-12-20'::date, 'v0.59', 3.0),
  ('rc-retry-storm', 'codex', 'Retry storm on transient upstream errors', '502s from upstream caused unbounded client retries because jitter was disabled in the happy path.', 'codex-rs/core/src/http/retry.rs', 'retry_amplification', 'medium', '2025-09-20'::date, '2025-10-26'::date, '2025-12-05'::date, 'v0.58', 5.0);

INSERT INTO competitive_data (id, product, display_name, code_quality_score, efficiency_score, cost_per_task_usd, context_window_tokens, agent_autonomy_score, market_sentiment, adoption_rate, enterprise_readiness_score, summary) VALUES
  ('comp-codex', 'codex', 'OpenAI Codex', 75.0, 90.0, 15.0, 200000, 55.0, 0.25, 48.0, 62.0, 'Strong context window and throughput. Weak agent autonomy; still recovering reputation post-crisis.'),
  ('comp-claude-code', 'claude_code', 'Claude Code', 81.0, 25.0, 155.0, 1000000, 92.0, 0.65, 32.0, 78.0, 'Leader in agent autonomy and long-horizon tasks. Higher per-task cost; efficiency is the tradeoff.'),
  ('comp-copilot', 'copilot', 'GitHub Copilot', 70.0, 60.0, 30.0, 128000, 40.0, 0.4, 72.0, 70.0, 'Balanced, widest footprint. Lagged in crisis response coverage and agent autonomy.'),
  ('comp-gemini', 'gemini', 'Gemini Code Assist', 68.0, 70.0, 20.0, 2000000, 45.0, 0.35, 28.0, 55.0, 'Massive context window, price-competitive. Quality and autonomy still maturing.');

INSERT INTO issues (id, source, source_id, product, title, description, url, category_id, severity, sentiment_score, engagement_score, mention_count, affected_segments, root_cause_id, created_at) VALUES
  ('iss-001', 'github_issue', 'openai/codex/12345', 'codex', 'Codex is rapidly degrading — tasks failing 66% of the time', 'Over the last 2 weeks my tasks have been failing. Large prompts silently truncate and the agent re-enters compaction until it gives up.', 'https://github.com/openai/codex/issues/12345', 'cat-context-overflow', 'critical', -0.75, 92.0, 47, ARRAY['enterprise', 'professional', 'ai-ml'], 'rc-compact-rs', '2025-09-28T14:23:00Z'::timestamptz),
  ('iss-002', 'github_issue', 'openai/codex/12488', 'codex', 'OOM kills under concurrent agents on larger contexts', 'Running >40 parallel sessions reliably crashes the worker pool without surfacing an error to the client.', 'https://github.com/openai/codex/issues/12488', 'cat-session-memory', 'critical', -0.68, 78.0, 22, ARRAY['enterprise', 'ai-ml'], 'rc-memory-alloc', '2025-09-10T09:02:00Z'::timestamptz),
  ('iss-003', 'stackoverflow_question', 'so/79012345', 'codex', 'Why is my Codex token count double what the API returned?', 'The billing dashboard shows 2x the tokens my test harness counted using the SDK tokenizer.', 'https://stackoverflow.com/q/79012345', 'cat-token-counting', 'high', -0.45, 54.0, 18, ARRAY['professional', 'smb', 'indie'], 'rc-token-count', '2025-08-14T12:40:00Z'::timestamptz),
  ('iss-004', 'reddit_post', 'reddit/1n7rf2', 'codex', 'Anyone else seeing Codex retry-loop into a death spiral?', 'Every 502 from the upstream turns into dozens of retries in milliseconds. Blew our quota in an hour.', 'https://reddit.com/r/OpenAI/comments/1n7rf2', 'cat-api-integration', 'high', -0.62, 66.0, 14, ARRAY['professional', 'smb'], 'rc-retry-storm', '2025-09-22T17:15:00Z'::timestamptz),
  ('iss-005', 'github_issue', 'openai/codex/12612', 'codex', 'Review output cuts off halfway through long PRs', 'On PRs with >2k changed lines, Codex returns a review for the first few hunks and silently stops.', 'https://github.com/openai/codex/issues/12612', 'cat-code-review', 'high', -0.55, 71.0, 31, ARRAY['enterprise', 'professional'], 'rc-code-review-truncate', '2025-07-02T10:18:00Z'::timestamptz),
  ('iss-006', 'github_discussion', 'openai/codex/disc/884', 'codex', 'Session history out-of-order after transient disconnect', 'After a reconnect the tool-call transcript replays events in the wrong order, so follow-ups operate on stale state.', 'https://github.com/openai/codex/discussions/884', 'cat-session-memory', 'high', -0.5, 48.0, 9, ARRAY['enterprise', 'ai-ml'], 'rc-session-reconnect', '2025-08-08T07:55:00Z'::timestamptz),
  ('iss-007', 'hackernews', 'hn/41234567', 'codex', 'Codex silently drops the system prompt on long inputs', 'We traced a pattern where the model ignored the instruction footer once the prompt exceeded the context window — tail truncation with no warning.', 'https://news.ycombinator.com/item?id=41234567', 'cat-context-overflow', 'medium', -0.42, 59.0, 12, ARRAY['professional', 'ai-ml'], 'rc-context-overflow', '2025-08-19T21:00:00Z'::timestamptz),
  ('iss-008', 'reddit_comment', 'reddit/c/k9f8d1', 'codex', 'Rate-limit backoff is wildly wrong', 'Reset header is a Unix timestamp but the client treats it as seconds-from-now, so it hammers the API when it should wait.', 'https://reddit.com/r/programming/comments/1n2abc/c/k9f8d1', 'cat-api-integration', 'medium', -0.35, 37.0, 6, ARRAY['smb', 'indie'], 'rc-rate-limit-parse', '2025-09-05T13:44:00Z'::timestamptz),
  ('iss-009', 'github_issue', 'openai/codex/12777', 'codex', 'Compaction recurses indefinitely on our internal monorepo', 'Summarizer re-enters compaction during its own output, and the agent eventually times out without producing a plan.', 'https://github.com/openai/codex/issues/12777', 'cat-context-overflow', 'critical', -0.72, 88.0, 26, ARRAY['enterprise'], 'rc-compact-rs', '2025-10-08T11:30:00Z'::timestamptz),
  ('iss-010', 'stackoverflow_question', 'so/79022222', 'codex', 'Quota exhausted with phantom tokens', 'The billing page says I''ve used 3x the tokens I actually sent. Support confirmed a tokenizer mismatch.', 'https://stackoverflow.com/q/79022222', 'cat-token-counting', 'high', -0.48, 44.0, 11, ARRAY['smb', 'indie'], 'rc-token-count', '2025-09-01T16:10:00Z'::timestamptz),
  ('iss-011', 'github_issue', 'openai/codex/12901', 'codex', 'Worker pool crashes + retry storm in the same incident', 'Pool OOMs, client retries aggressively, upstream returns 502, client retries more. Classic amplification.', 'https://github.com/openai/codex/issues/12901', 'cat-performance', 'critical', -0.7, 83.0, 19, ARRAY['enterprise', 'professional'], 'rc-memory-alloc', '2025-10-25T08:05:00Z'::timestamptz),
  ('iss-012', 'reddit_post', 'reddit/1pbq22', 'codex', 'My Codex session forgot what tools it had after a reconnect', 'After a 10-second blip the agent re-initialized the tool list out of order and started calling the wrong endpoints.', 'https://reddit.com/r/OpenAI/comments/1pbq22', 'cat-session-memory', 'high', -0.52, 41.0, 8, ARRAY['ai-ml', 'professional'], 'rc-session-reconnect', '2025-08-28T19:20:00Z'::timestamptz),
  ('iss-013', 'github_discussion', 'openai/codex/disc/912', 'codex', 'Compaction eats my prompt before the task runs', 'If my repo context is large, compaction triggers immediately and deletes the user instructions.', 'https://github.com/openai/codex/discussions/912', 'cat-context-overflow', 'critical', -0.67, 75.0, 17, ARRAY['enterprise', 'professional'], 'rc-compact-rs', '2025-10-14T15:50:00Z'::timestamptz),
  ('iss-014', 'github_issue', 'openai/codex/13044', 'codex', 'Review skips files that changed most', 'Codex consistently omits the largest changed files from its review output — exactly the ones we need reviewed.', 'https://github.com/openai/codex/issues/13044', 'cat-code-review', 'high', -0.58, 64.0, 13, ARRAY['enterprise'], 'rc-code-review-truncate', '2025-11-03T12:12:00Z'::timestamptz),
  ('iss-015', 'hackernews', 'hn/41999888', 'codex', 'Silent truncation is the worst kind of bug', 'Found through pain that Codex was dropping the end of our prompt past ~180k tokens with no signal.', 'https://news.ycombinator.com/item?id=41999888', 'cat-context-overflow', 'medium', -0.4, 56.0, 10, ARRAY['professional', 'ai-ml'], 'rc-context-overflow', '2025-10-21T22:37:00Z'::timestamptz),
  ('iss-016', 'github_issue', 'microsoft/vscode-codex/552', 'codex', 'VS Code extension aborts completions after 30s', 'During latency spikes the extension cancels a request at 30s even though the model is still generating.', 'https://github.com/microsoft/vscode-codex/issues/552', 'cat-performance', 'medium', -0.32, 42.0, 7, ARRAY['indie', 'smb'], 'rc-ide-timeout', '2025-10-30T05:48:00Z'::timestamptz);

INSERT INTO segment_impact (issue_id, segment_slug) VALUES
  ('iss-001', 'enterprise'),
  ('iss-001', 'professional'),
  ('iss-001', 'ai-ml'),
  ('iss-002', 'enterprise'),
  ('iss-002', 'ai-ml'),
  ('iss-003', 'professional'),
  ('iss-003', 'smb'),
  ('iss-003', 'indie'),
  ('iss-004', 'professional'),
  ('iss-004', 'smb'),
  ('iss-005', 'enterprise'),
  ('iss-005', 'professional'),
  ('iss-006', 'enterprise'),
  ('iss-006', 'ai-ml'),
  ('iss-007', 'professional'),
  ('iss-007', 'ai-ml'),
  ('iss-008', 'smb'),
  ('iss-008', 'indie'),
  ('iss-009', 'enterprise'),
  ('iss-010', 'smb'),
  ('iss-010', 'indie'),
  ('iss-011', 'enterprise'),
  ('iss-011', 'professional'),
  ('iss-012', 'ai-ml'),
  ('iss-012', 'professional'),
  ('iss-013', 'enterprise'),
  ('iss-013', 'professional'),
  ('iss-014', 'enterprise'),
  ('iss-015', 'professional'),
  ('iss-015', 'ai-ml'),
  ('iss-016', 'indie'),
  ('iss-016', 'smb');

INSERT INTO issue_timeseries (month, sentiment, issue_freq, status, note) VALUES
  ('2025-01-01'::date, 72.0, 12, 'baseline', 'Pre-crisis baseline'),
  ('2025-02-01'::date, 70.0, 18, 'baseline', NULL),
  ('2025-03-01'::date, 68.0, 25, 'emerging', 'First compact.rs reports'),
  ('2025-04-01'::date, 65.0, 35, 'emerging', NULL),
  ('2025-05-01'::date, 60.0, 52, 'emerging', NULL),
  ('2025-06-01'::date, 55.0, 85, 'crisis', 'Code review truncation surfaces'),
  ('2025-07-01'::date, 48.0, 145, 'crisis', NULL),
  ('2025-08-01'::date, 42.0, 210, 'crisis', 'OOM cluster detected'),
  ('2025-09-01'::date, 38.0, 280, 'peak_crisis', NULL),
  ('2025-10-01'::date, 35.0, 320, 'peak_crisis', 'Crisis trough — 66% task failure rate'),
  ('2025-11-01'::date, 42.0, 240, 'recovery', 'v0.56 fixes shipped'),
  ('2025-12-01'::date, 52.0, 165, 'recovery', NULL),
  ('2026-01-01'::date, 62.0, 110, 'recovery', NULL),
  ('2026-02-01'::date, 70.0, 75, 'recovery', NULL),
  ('2026-03-01'::date, 76.0, 55, 'recovered', NULL),
  ('2026-04-01'::date, 82.0, 40, 'recovered', 'Full recovery');
